2508	河北保定天气预报	中国	河北	保定市	0.0174562269987
3040	dianying	中国	河北	保定市	0.00966689713148
156	二手高压疏通机	中国	河北	保定市	0.00397097797994
188	2016全国书法大赛大全	中国	河北	保定市	0.00354191604358
362	保定pm25	中国	河北	保定市	0.00323879266185
1053	姑父性侵6岁侄女1年	中国	河北	保定市	0.00278285721464
132	037167772727	中国	河北	保定市	0.00274973091539
85	手续齐全吸粪车转让	中国	河北	保定市	0.00216367389933
162	河北涿州天气预报	中国	河北	保定市	0.0021269127819
563	打蛇吃蛇无数变成蛇人	中国	河北	保定市	0.00212281690189
157	河北定州天气预报	中国	河北	保定市	0.0019472286611
178	包牛牛	中国	河北	保定市	0.00192619996866
111	互联网巴士	中国	河北	保定市	0.00187020160375
71	北京消防工程公司黄页	中国	河北	保定市	0.00166592065467
392	飞行员驾驶舱拍不雅照	中国	河北	保定市	0.0016141895612
69	一键查询上下架	中国	河北	保定市	0.00143735934214
119	环链电动葫芦	中国	河北	保定市	0.00143485111035
78	保定游乐设备	中国	河北	保定市	0.00142866316098
56	吸粪车急转	中国	河北	保定市	0.00142547927485
60	油滤过滤器厂家	中国	河北	保定市	0.00140782027155
469	雪姨被骂乱伦	中国	河北	保定市	0.00138201441386
122	白沟网供网	中国	河北	保定市	0.00137602906936
97	河北高阳天气预报	中国	河北	保定市	0.00133761996994
93	河北易县天气预报	中国	河北	保定市	0.00124392033263
78	过滤器厂家	中国	河北	保定市	0.00123093457154
88	河北安国天气预报	中国	河北	保定市	0.00119665053325
51	定州汗蒸盘古建站	中国	河北	保定市	0.00119664723082
46	中低压燃气管材生产厂家	中国	河北	保定市	0.00117092940434
45	花洒能调节水量的大小吗	中国	河北	保定市	0.00114547441729
86	河北高碑店天气预报	中国	河北	保定市	0.00113250970935
66	嘀一巴士	中国	河北	保定市	0.00109394010986
81	新闻稿发布	中国	河北	保定市	0.00107322153489
42	天津消防安全检测公司黄页	中国	河北	保定市	0.00106910945614
42	音皇同人文	中国	河北	保定市	0.00106910945614
45	拉管施工图纸	中国	河北	保定市	0.00105586520366
54	基金汤丽荣	中国	河北	保定市	0.00105197613169
41	黑舞厅操欲求不满他人之妻	中国	河北	保定市	0.00104365446909
41	河北卫浴公司	中国	河北	保定市	0.00104365446909
95	航空箱	中国	河北	保定市	0.0010297075975
128	河北农业大学	中国	河北	保定市	0.00102586857885
40	他分开我的腿对准抽动	中国	河北	保定市	0.00101819948204
52	北京合景房地产开发有限公司	中国	河北	保定市	0.000995418586536
39	柿子晶技术转让	中国	河北	保定市	0.000992744494985
39	河北龙骨公司	中国	河北	保定市	0.000992744494985
445	何炅被送手术室	中国	河北	保定市	0.000976308531492
38	个人高压清洗车转让	中国	河北	保定市	0.000967289507935
155	河北大学	中国	河北	保定市	0.000959000556781
197	电梯突然坠落近20层	中国	河北	保定市	0.000944616280515
37	镇海炼化黄仲文	中国	河北	保定市	0.000941834520884
37	从后边抱着她抽动起来	中国	河北	保定市	0.000941834520884
122	河北财政信息网	中国	河北	保定市	0.000920415386792
36	徐水县南庞东风玻璃钢厂	中国	河北	保定市	0.000916379533833
36	白沟盘古技术支持	中国	河北	保定市	0.000916379533833
36	个人二手吸粪车	中国	河北	保定市	0.000916379533833
36	集体下跪后的文化冲突	中国	河北	保定市	0.000916379533833
36	个人二手吸污转让	中国	河北	保定市	0.000916379533833
49	保定游乐设备厂	中国	河北	保定市	0.000909742134381
35	保定浩宇宝成	中国	河北	保定市	0.000890924546782
791	爱奇艺	中国	河北	保定市	0.000887628982031
861	百度	中国	河北	保定市	0.000881044533228
248	男子酒后掐死女同事奸尸	中国	河北	保定市	0.000872914459906
92	钢丝绳电动葫芦	中国	河北	保定市	0.000869120336873
56	hgo	中国	河北	保定市	0.000867910834508
34	分开她腿急切抽动	中国	河北	保定市	0.000865469559731
803	淘宝	中国	河北	保定市	0.000864621298139
61	河北安新天气预报	中国	河北	保定市	0.000860320273471
97	保定天气预报	中国	河北	保定市	0.000850592808454
59	河北雄县天气预报	中国	河北	保定市	0.000842185251593
33	我的大奶良家人妻情人	中国	河北	保定市	0.00084001457268
33	黑舞厅操性欲大他人之妻	中国	河北	保定市	0.00084001457268
33	书画电话王有政	中国	河北	保定市	0.00084001457268
32	有力的抽动使她不住的呻吟	中国	河北	保定市	0.000814559585629
32	在小嘴里来回抽动	中国	河北	保定市	0.000814559585629
40	河北装修公司	中国	河北	保定市	0.000812300409198
42	穆桂英挂帅片尾曲	中国	河北	保定市	0.000791279116119
31	我忍不住射进了她嘴里	中国	河北	保定市	0.000789104598578
31	我忍不住射进了她嘴里	中国	河北	保定市	0.000789104598578
31	徐水县镇中线材有限公司	中国	河北	保定市	0.000789104598578
714	斗鱼	中国	河北	保定市	0.000781106134904
737	qq邮箱	中国	河北	保定市	0.000778750187307
123	基础教育教师培训网	中国	河北	保定市	0.000774216448753
36	保定技术支持盘古网络	中国	河北	保定市	0.00077300479203
30	石家庄治疗白内障	中国	河北	保定市	0.000763649611527
30	书画电话李苦寒	中国	河北	保定市	0.000763649611527
30	24×32的简便方法	中国	河北	保定市	0.000763649611527
30	古典武侠肚兜	中国	河北	保定市	0.000763649611527
30	磁片磁扣箱包上用的生产厂家	中国	河北	保定市	0.000763649611527
30	河北三轮车公司	中国	河北	保定市	0.000763649611527
30	铁路钢丝网立柱模具	中国	河北	保定市	0.000763649611527
695	163	中国	河北	保定市	0.000759077031266
166	碰瓷男先敬礼再摔倒	中国	河北	保定市	0.00075208772527
32	40ZJ17渣浆泵	中国	河北	保定市	0.000750837478161
51	河北唐县天气预报	中国	河北	保定市	0.000747128579652
29	个人高压疏通车	中国	河北	保定市	0.000738194624476
135	胃癌晚期女大学生拍写真	中国	河北	保定市	0.000735112231127
36	深圳钣金加工厂	中国	河北	保定市	0.000715127640284
32	AT8035	中国	河北	保定市	0.000713562434826
28	河北金叶复叶槭	中国	河北	保定市	0.000712739637425
28	河北涂料公司	中国	河北	保定市	0.000712739637425
28	牵引施工cad图纸	中国	河北	保定市	0.000712739637425
28	双性恋伺候夫妻舔精液	中国	河北	保定市	0.000712739637425
28	小情深	中国	河北	保定市	0.000712739637425
28	河北防冻剂公司	中国	河北	保定市	0.000712739637425
28	两个柔软硕大的肉球	中国	河北	保定市	0.000712739637425
38	盐城消防	中国	河北	保定市	0.000705514308296
30	河北游乐设备	中国	河北	保定市	0.000703910135776
30	高压疏通车转让	中国	河北	保定市	0.000703910135776
42	加拿大著名建筑	中国	河北	保定市	0.000701756819902
48	河北定兴天气预报	中国	河北	保定市	0.00070000964597
37	撸啊撸好玩吗	中国	河北	保定市	0.000697079221343
34	自制手工帽子图片大全	中国	河北	保定市	0.000690455347818
27	国外汽车营销案例	中国	河北	保定市	0.000687284650375
27	保定有哪几家电气公司	中国	河北	保定市	0.000687284650375
27	挺进去来回抽动的感觉	中国	河北	保定市	0.000687284650375
27	中低压燃气钢管管材生产厂家	中国	河北	保定市	0.000687284650375
27	安徽小吊机价格	中国	河北	保定市	0.000687284650375
27	九江罐机	中国	河北	保定市	0.000687284650375
32	保定2016最新游乐设备	中国	河北	保定市	0.000687115370694
36	虾火锅加盟	中国	河北	保定市	0.000678239242387
35	新闻稿发布平台	中国	河北	保定市	0.0006699932794
51	白沟网批网	中国	河北	保定市	0.000667590208699
32	保定儿童游乐设备厂	中国	河北	保定市	0.000666601434034
32	保定儿童游乐设备厂	中国	河北	保定市	0.000666601434034
26	激情大逼	中国	河北	保定市	0.000661829663324
26	石家庄吸粪车转让	中国	河北	保定市	0.000661829663324
128	保定	中国	河北	保定市	0.000658459873342
34	营销案例网站	中国	河北	保定市	0.000650850614274
30	母野人把孩子撕为两半	中国	河北	保定市	0.000644170660025
35	15128202620	中国	河北	保定市	0.000641066803005
25	技术支持信融科技定兴	中国	河北	保定市	0.000636374676273
25	耿子章	中国	河北	保定市	0.000636374676273
25	AMZYPWHQ16221	中国	河北	保定市	0.000636374676273
25	河北消防安全检测公司黄页	中国	河北	保定市	0.000636374676273
25	中低压燃气管材	中国	河北	保定市	0.000636374676273
47	河北徐水天气预报	中国	河北	保定市	0.00063067839178
36	海盗船游乐设备	中国	河北	保定市	0.000629630050228
73	杂谈	中国	河北	保定市	0.000612447930211
24	电信中继线交换机	中国	河北	保定市	0.000610919689222
24	熟女紧紧地含着我的硕大鬼头	中国	河北	保定市	0.000610919689222
24	右半身感觉寒凉	中国	河北	保定市	0.000610919689222
24	社保基金监督2017年工作	中国	河北	保定市	0.000610919689222
24	另一只手握住他的硕大的睾丸	中国	河北	保定市	0.000610919689222
24	河北单杠室内吊运机	中国	河北	保定市	0.000610919689222
24	化x	中国	河北	保定市	0.000610919689222
24	安国射干种子	中国	河北	保定市	0.000610919689222
24	望都塔桧树苗	中国	河北	保定市	0.000610919689222
24	聚乙烯设备	中国	河北	保定市	0.000610919689222
24	拉管施工示意图	中国	河北	保定市	0.000610919689222
24	中医治疗脑血栓	中国	河北	保定市	0.000610919689222
24	河北40座海盗船	中国	河北	保定市	0.000610919689222
24	湖南吊运机	中国	河北	保定市	0.000610919689222
43	河北清苑天气预报	中国	河北	保定市	0.000608854050018
493	126	中国	河北	保定市	0.00060309542239
27	互联网班车	中国	河北	保定市	0.000602068304384
228	沙溢	中国	河北	保定市	0.000589854828028
60	新结婚时代电视剧全集	中国	河北	保定市	0.000586221236791
23	山西海盗船价格	中国	河北	保定市	0.000585464702171
23	二手房协会	中国	河北	保定市	0.000585464702171
23	绿帽老公网站	中国	河北	保定市	0.000585464702171
23	宾馆用纸价格	中国	河北	保定市	0.000585464702171
23	拉片日文怎么说	中国	河北	保定市	0.000585464702171
23	家庭照相馆	中国	河北	保定市	0.000585464702171
23	鱼鳞护坡模具	中国	河北	保定市	0.000585464702171
23	贵州大学科技学院谢承位	中国	河北	保定市	0.000585464702171
30	编剧教程	中国	河北	保定市	0.000584431184274
497	京东	中国	河北	保定市	0.000581259635767
26	碰碰车游乐设备价格	中国	河北	保定市	0.000579769478296
50	wwwonecoineu	中国	河北	保定市	0.00057691542025
30	东京猎人av电影	中国	河北	保定市	0.000574279953771
62	保定地图	中国	河北	保定市	0.00057202851495
129	日本活体解剖美军战俘	中国	河北	保定市	0.000571203227492
135	热血江湖私服	中国	河北	保定市	0.000569047416105
92	河北人事考试网	中国	河北	保定市	0.000566961092486
83	涿州	中国	河北	保定市	0.00056579185365
24	气溶胶发生装置	中国	河北	保定市	0.000563128108621
24	scd20	中国	河北	保定市	0.000563128108621
24	龟头对准了孙媳妇的小嘴	中国	河北	保定市	0.000563128108621
27	速冻水饺厂家	中国	河北	保定市	0.000562444959966
44	保定住房公积金查询	中国	河北	保定市	0.000561451877076
22	建筑工程总承包资质是什么	中国	河北	保定市	0.00056000971512
22	石家庄白内障治疗	中国	河北	保定市	0.00056000971512
22	速冻豆沙包价格	中国	河北	保定市	0.00056000971512
22	北京精密机械零部件加工	中国	河北	保定市	0.00056000971512
22	河南吊运机厂家	中国	河北	保定市	0.00056000971512
22	保定红旗线缆有限公司	中国	河北	保定市	0.00056000971512
22	保定碰碰车	中国	河北	保定市	0.00056000971512
22	柿子粉的功效	中国	河北	保定市	0.00056000971512
22	涿州公司三金网络	中国	河北	保定市	0.00056000971512
22	保定上为电气效益如何	中国	河北	保定市	0.00056000971512
22	山西海盗船厂家	中国	河北	保定市	0.00056000971512
83	巴士	中国	河北	保定市	0.0005506751601
27	site315rxnet	中国	河北	保定市	0.000548302776208
167	法院向王宝强道歉	中国	河北	保定市	0.000544617678612
74	河北会计信息网	中国	河北	保定市	0.000543395225374
21	红山之恋	中国	河北	保定市	0.000534554728069
21	煤气罐diy	中国	河北	保定市	0.000534554728069
21	吊运机电机价格	中国	河北	保定市	0.000534554728069
21	柿子晶技木转让	中国	河北	保定市	0.000534554728069
21	技术支持信融科技涿州	中国	河北	保定市	0.000534554728069
21	小马奔腾招演员	中国	河北	保定市	0.000534554728069
